date,source,title,content,url,sentiment_score,sentiment_label
2025-01-29 22:08:35,https://www.unideassicurazioni.it/,Unidea Assicurazioni,"Se ti stai domandando chi siamo, la risposta è semplice. Siamo una agenzia assicurativa e molto di più. Oggi, Unidea Assicurazioni è la più grande agenzia assicurativa indipendente in Italia perchè la nostra offerta di polizze e di soluzioni di tutela non ha paragoni.

Ci rivolgiamo ai privati e alle aziende che cercano polizze e soluzioni assicurative che stiano al passo con i cambiamenti. La trasformazione del mondo che ci circonda è un’opportunità per migliorare la qualità ed il contenuto tec",https://www.unideassicurazioni.it/chi-siamo/,0.0,neutral
2025-01-29 22:08:39,https://www.unideassicurazioni.it/,Unidea Assicurazioni,"Oggi operiamo attraverso la partnership con le maggiori Compagnie assicurative che lavorano in Italia e all’estero, fornendo così una delle più ampie offerte sul mercato. Siamo una delle poche imprese assicurative in circolazione che opera come agenzia plurimandataria.

Unidea Assicurazioni è oggi la più grande agenzia assicurativa indipendente in Italia. Abbiamo più di 74.500 clienti, oltre 35 filiali e più di 500 Consulenti assicurativi presenti in tutta Italia: sono i numeri che rendono sicur",https://www.unideassicurazioni.it/storia/,0.0,neutral
2025-01-29 22:08:42,https://www.unideassicurazioni.it/,Unidea Assicurazioni,Desideriamo guadagnare la tua fiducia e proporti una vasta scelta. Siamo riusciti con successo a posizionarci sul mercato assicurativo grazie anche alla nostra capacità di misurarci con le nuove e specifiche esigenze dettate dal contesto economico e sociale. Proponiamo polizze e soluzioni assicurative e previdenziali in linea con le rinnovate richieste di privati e aziende. Il cambiamento è un’opportunità per migliorare la qualità ed il contenuto tecnico delle nostre risposte.,https://www.unideassicurazioni.it/vision/,0.0,neutral
2025-01-29 22:08:52,https://www.unideassicurazioni.it/,Unidea Assicurazioni,"Le nostre assicurazioni sono personalizzate sulle esigenze dei clienti. Grazie alla collaborazione con le principali Compagnie Assicurative che operano in Italia e all’estero, nonché una Società di Mutuo Soccorso, possiamo fornirti un’ampia gamma di servizi assicurativi e previdenziali, per garantirti l’assicurazione più adatta a tutte le tue esigenze.

Infatti, le nostre polizze personalizzate riguardano i principali ambiti della sfera privata e della professione, e ti accompagnano nel tempo, p",https://www.unideassicurazioni.it/assicurazioni/,0.0,neutral
2025-01-29 22:08:58,https://www.unideassicurazioni.it/,Unidea Assicurazioni,"Polizza casa su misura del tuo stile di vita

La polizza casa protegge il luogo più caro dai principali rischi, ma non solo. Possiamo tutelare anche tutte le altre tipologie di immobili. Infatti possiamo tutelare condomini, ville, negozi, grandi superfici, fabbriche, capannoni, magazzini e qualunque altra tipologia. Grazie alla collaborazione con numerose Compagnie Assicurative operative in Italia e in Europa, possiamo offrirti un’assicurazione casa davvero su misura, perché selezioniamo il migl",https://www.unideassicurazioni.it/polizza-casa-e-altri-edifici/,-0.8,negative
2025-01-29 22:09:01,https://www.unideassicurazioni.it/,Unidea Assicurazioni,"Un’agenzia assicurativa che lavora in partnership con le principali Compagnie Assicurative italiane ed estere

La nostra forza è la possibilità di scegliere la polizza più adatta a te tra le offerte di ben 13 Compagnie Assicurative e una Società di Mutuo Soccorso sia in Italia che all’estero. Entrando nella nostra agenzia assicurativa di Brescia o in una delle altre filiali in Italia, quindi, troverai un consulente che ascolterà le tue necessità e ti aiuterà a trovare l’assicurazione infortuni g",https://www.unideassicurazioni.it/polizza-infortuni/,0.1,neutral
2025-01-29 22:09:21,https://www.unideassicurazioni.it/,Unidea Assicurazioni,"Un piano di previdenza integrativa, che si può costruire a partire da piccoli versamenti.

Unidea Assicurazioni utilizza software professionali per ottenere la corretta proiezione dei risultati pensionistici ottenibili. Nella sede centrale di Brescia e nelle nostre filiali in tutta Italia i nostri consulenti ti guideranno nel focalizzare le tue necessità e individuare il piano di previdenza perfetto per te.

Collaborando con 13 Compagnie Assicurative e una Società di Mutuo Soccorso attive in Ita",https://www.unideassicurazioni.it/polizza-previdenza/,0.0,neutral
2025-01-29 22:09:34,https://www.unideassicurazioni.it/,Lavora con noi,"Con Unidea Assicurazioni potrai crescere professionalmente attraverso un piano di carriera con obiettivi prestabiliti e personalizzati, oltre a provvigioni ai massimi livelli.

Se sei un neofita, ovvero se non hai mai lavorato nel mondo assicurativo, con noi potrai iniziare il tuo percorso professionale accompagnato un passo alla volta. Troverai un ambiente altamente professionale per accompagnarti nel percorso che ti porterà all’iscrizione al RUI. Conoscerai i prodotti assicurativi, le tecniche",https://www.unideassicurazioni.it/lavora-con-noi/,0.0,neutral
2025-01-29 22:09:38,https://www.unideassicurazioni.it/,Unidea Assicurazioni,"Convenzione con il Gruppo Bossoni

Gruppo Bossoni è concessionario ufficiale per i brand di FCA e da più di 30 anni un riferimento nel settore automotive per la provincia di Brescia.

Una forza sempre in movimento che ha saputo evolversi e interpretare al meglio i cambiamenti nel mercato automobilistico, senza rinunciare al legame con i propri clienti e con il territorio, la sua realtà e le iniziative locali.

Gruppo Bossoni ha creato una convenzione pensata per i clienti Unidea Assicurazioni, r",https://www.unideassicurazioni.it/convenzioni/,0.0,neutral
2025-01-29 22:09:41,https://www.unideassicurazioni.it/,Unidea Assicurazioni,"Unidea Assicurazioni è l’agenzia assicurativa indipendente più grande in Italia. Abbiamo filiali in molte aree, navigando nella pagina puoi vedere dove si trovano tutte le agenzie Unidea Assicurazioni in Italia e trovare i consulenti più vicini a te.",https://www.unideassicurazioni.it/contatti/,0.0,neutral
2025-01-29 22:09:54,https://www.unideassicurazioni.it/,Informativa potenziali assicurati,"INFORMATIVA AL TRATTAMENTO DEI DATI PERSONALI DEI POTENZIALI ASSICURATI

UNIDEA ASSICURAZIONI (CF: 03164800983), con sede legale in 25124 Brescia (BS), Via Malta n° 12, Agenzia assicurativa plurimandataria con Iscrizione al RUI n° A000331726, (“Agenzia”), La informa ai sensi degli artt. 13 e 14 del Regolamento UE 2016/679 (GDPR) che i Suoi dati saranno trattati con le modalità e per le finalità seguenti:

1) Oggetto del Trattamento

L’Agenzia tratta i Suoi dati personali anagrafici ed identifica",https://www.unideassicurazioni.it/informativa-potenziali-assicurati,-0.38571428571428573,negative
2025-01-29 22:10:07,https://www.unideassicurazioni.it/,Unidea Assicurazioni,"Le nostre assicurazioni sono personalizzate sulle esigenze dei clienti. Grazie alla collaborazione con le principali Compagnie Assicurative che operano in Italia e all’estero, nonché una Società di Mutuo Soccorso, possiamo fornirti un’ampia gamma di servizi assicurativi e previdenziali, per garantirti l’assicurazione più adatta a tutte le tue esigenze.

Infatti, le nostre polizze personalizzate riguardano i principali ambiti della sfera privata e della professione, e ti accompagnano nel tempo, p",https://www.unideassicurazioni.it/assicurazioni,0.0,neutral
2025-01-29 22:10:12,https://www.unideassicurazioni.it/,Unidea Assicurazioni,"Unidea Assicurazioni è l’agenzia assicurativa indipendente più grande in Italia. Abbiamo filiali in molte aree, navigando nella pagina puoi vedere dove si trovano tutte le agenzie Unidea Assicurazioni in Italia e trovare i consulenti più vicini a te.",https://www.unideassicurazioni.it/contatti,0.0,neutral
2025-01-29 22:10:22,https://www.unideassicurazioni.it/,Unidea Assicurazioni,"L’informativa di seguito riportata, relativa all’uso dei cookie su questo sito web, è resa in attuazione del provvedimento del Garante per la protezione dei dati personali dell’8 maggio 2014 “Individuazione delle modalità semplificate per l’informativa e l’acquisizione del consenso per l’uso dei cookie” e nel rispetto dell’art. 13 del Codice privacy (D.Lgs. n. 196/2003).L’informativa è predisposta ed aggiornata da, gestore del sito web e Titolare del trattamento di dati personali ad esso conness",https://www.unideassicurazioni.it/cookie-policy/,0.4166666666666667,positive
2025-01-29 22:11:24,https://www.vitanuova.it/,Polizza Vita Caso Morte - Preventivo Online,"Si tratta di due tipologie di prodotti diversi. Una TCM è progettata per fornire una copertura temporanea, ovvero per un periodo di tempo specifico. Puoi infatti scegliere la durata che preferisci (ad esempio 10 anni, oppure 30 anni) e se durante quest’arco di tempo dovesse purtroppo accadere l’evento assicurato, la compagnia verserà la somma indicata sulla polizza ai tuoi cari (i beneficiari).

Invece, una polizza caso vita è un'assicurazione che permette di avere il vantaggio della copertura a",https://www.vitanuova.it/assicurazione/vita,-0.0625,neutral
2025-01-29 22:11:30,https://www.vitanuova.it/,Polizza Vita Caso Vita - Preventivo Online,"Il funzionamento di una polizza vita caso vita è subordinato alla tipologia di assicurazione che decidi di sottoscrivere. Le modalità sono molteplici ma possiamo riassumerle in:

- Rendita immediata: versi il premio in una soluzione e ricevi subito una rendita fino a scadenza.

- Rendita differita: versi il premio in più rate e ricevi una rendita da una data prestabilita, se sei ancora in vita.

- Capitale differito: versi il premio in più rate e ricevi un capitale rivalutato dagli interessi all",https://www.vitanuova.it/preventivo/polizza-vita-caso-vita,0.0,neutral
2025-01-29 22:11:38,https://www.vitanuova.it/,Polizza Unit Linked - Preventivo Online,"Sottoscrivere una unit linked può essere una scelta vantaggiosa per diverse ragioni.

Innanzitutto, ti permette di proteggere te stesso e i tuoi cari in caso di eventi imprevisti, come la morte o la perdita di capacità lavorativa, garantendoti una somma di denaro o una rendita periodica. Inoltre, ti offre la possibilità di investire il tuo capitale in modo flessibile e personalizzato, scegliendo tra diversi fondi di investimento in base al tuo profilo di rischio e ai tuoi obiettivi finanziari.

",https://www.vitanuova.it/preventivo/unit-linked,-0.8,negative
2025-01-29 22:11:44,https://www.vitanuova.it/,Polizza Vita Mista - Preventivo Online,"Una polizza vita mista offre numerosi vantaggi fiscali al sottoscrittore, sia in termini di detrazione che di tassazione. Vediamoli nel dettaglio.

- Detrazione: il premio versato per la polizza vita mista è detraibile fiscalmente nella misura del 19% fino a un massimo di 530€ all'anno, purché la polizza preveda una copertura in caso di morte o invalidità permanente non inferiore al 5%. La detrazione spetta al sottoscrittore della polizza o al suo coniuge, se convivente, e va indicata nella dich",https://www.vitanuova.it/preventivo/polizza-vita-mista,-0.8,negative
2025-01-29 22:11:47,https://www.vitanuova.it/,Polizza Unit Linked - Preventivo Online,"Sottoscrivere una unit linked può essere una scelta vantaggiosa per diverse ragioni.

Innanzitutto, ti permette di proteggere te stesso e i tuoi cari in caso di eventi imprevisti, come la morte o la perdita di capacità lavorativa, garantendoti una somma di denaro o una rendita periodica. Inoltre, ti offre la possibilità di investire il tuo capitale in modo flessibile e personalizzato, scegliendo tra diversi fondi di investimento in base al tuo profilo di rischio e ai tuoi obiettivi finanziari.

",https://www.vitanuova.it/preventivo/unit-linked/,-0.8,negative
2025-01-29 22:11:55,https://www.vitanuova.it/,Assicurazioni e sostenibilità,"Ania ha pubblicato un’indagine che evidenzia il ruolo chiave delle assicurazioni in termini di politiche ESG (Environmental, Social and Governance).

Le compagnie – in entrambe le funzioni svolte, investitori istituzionali e fornitori di prodotti e servizi assicurativi – possono fornire un contributo importante al raggiungimento dei 17 Obiettivi di sviluppo sostenibile dell’ONU e al raggiungimento della neutralità climatica entro il 2050.

L’indagine Ania – condotta tra aprile e luglio del 2023 ",https://blog.vitanuova.it/ania-e-forum-finanza-sostenibile-2023/,0.21666666666666667,positive
2025-01-29 22:11:59,https://www.vitanuova.it/,Polizze vita: una guida sulla tassazione e le detrazioni,"Uno dei fattori d’interesse delle polizze vita come strumento d’investimento sono le modalità di tassazione dei rendimenti e le detrazioni fiscali a cui è possibile accedere. Sono elementi importanti da conoscere e da considerare nella scelta della destinazione dei propri risparmi, perché possono spostare l’ago della bilancia nella valutazione dei costi e dei benefici attesi.

La tassazione delle plusvalenze

I rendimenti o gli interessi che si possono ottenere dai vari tipi di polizze vita ai f",https://blog.vitanuova.it/polizza-vita-tassazione-detrazioni/,-0.4625,negative
2025-01-29 22:12:06,https://www.vitanuova.it/,Il blog delle assicurazioni online,"Polizza vita e fondo pensione sono entrambi strumenti che hanno il fine ultimo di costruire una rendita economica per la vecchiaia, destinata ad affiancare gli assegni pensionistici o a garantire serenità economica alla famiglia in situazioni di difficoltà. I due strumenti, però, si distinguono per il loro funzionamento e le polizze vita, inoltre, si articolano in un’ampia gamma di prodotti con caratteristiche differenti. Vediamo come...",https://blog.vitanuova.it/,0.14583333333333334,positive
