Company;Article Title;Original URL;Valid?;Human Validated URL
Alleanza Assicurazioni;"Claudia Ghinfanti (Alleanza Ass.): ""In atto un grande Trasferimento di Competenze dalla Rete ai Clienti""";https://pltv.it/tv/reportage/claudia-ghinfanti-alleanza-ass-in-atto-un-grande-trasferimento-di-competenze-dalla-rete-ai-clienti&ved=2ahUKEwjVgquez9aLAxWm2QIHHRfLCEUQxfQBegQIARAC&usg=AOvVaw3-VB1_4sywiOfJZ1JY3FhX;No;https://www.pltv.it/tv/reportage/claudia-ghinfanti-alleanza-ass-in-atto-un-grande-trasferimento-di-competenze-dalla-rete-ai-clienti
Alleanza Assicurazioni;Alleanza Assicurazioni: dalla convention le priorità strategiche per crescere;https://wallstreetitalia.com/alleanza-assicurazioni-dalla-convention-le-priorita-strategiche-per-crescere/&ved=2ahUKEwjVgquez9aLAxWm2QIHHRfLCEUQxfQBegQIABAC&usg=AOvVaw1A1OsPYC61ymEpOiXlSEOl;No;https://www.wallstreetitalia.com/alleanza-assicurazioni-dalla-convention-le-priorita-strategiche-per-crescere/
Alleanza Assicurazioni;Alleanza Assicurazioni: i numeri del “Patto per la crescita sostenibile” tra nuove competenze finanziarie e IA;http://msn.com/it-it/money/notizie/alleanza-assicurazioni-i-numeri-del-patto-per-la-crescita-sostenibile-tra-nuove-competenze-finanziarie-e-ia/ar-AA1yxe1I%3Focid%3Dfinance-verthp-feeds%26apiversion%3Dv2%26noservercache%3D1%26domshim%3D1%26renderwebcomponents%3D1%26wcseo%3D1%26batchservertelemetry%3D1%26noservertelemetry%3D1&ved=2ahUKEwjVgquez9aLAxWm2QIHHRfLCEUQxfQBegQIAhAC&usg=AOvVaw3b7LqOVNSKAWTezvkGRN6r;Yes;https://www.msn.com/it-it/money/notizie/alleanza-assicurazioni-i-numeri-del-patto-per-la-crescita-sostenibile-tra-nuove-competenze-finanziarie-e-ia/ar-AA1yxe1I
Alleanza Assicurazioni;Alleanza Assicurazioni le priorità | soddisfazione cliente e leadership su protezione e risparmio;https://zazoom.it/2025-02-06/alleanza-assicurazioni-le-priorita-soddisfazione-cliente-e-leadership-su-protezione-e-risparmio/16328243/&ved=2ahUKEwjVgquez9aLAxWm2QIHHRfLCEUQxfQBegQIBBAC&usg=AOvVaw0nq7JtnxWyo_8Rz-Q9CQ8P;Yes;https://www.adnkronos.com/economia/alleanza-assicurazioni-le-priorita-soddisfazione-cliente-e-leadership-su-protezione-e-risparmio_772oMHPPeh3kQ0HUbU7ZG6
Alleanza Assicurazioni;Alleanza Assicurazioni, completato 'Patto per la crescita sostenibile': crescita soddisfazione cliente, leadership su protezione, risparmio e investimenti;https://ilgiornaleditalia.it/news/mondo-imprese/680796/alleanza-assicurazioni-patto-crescita-sostenibile.html&ved=2ahUKEwjVgquez9aLAxWm2QIHHRfLCEUQxfQBegQIAxAC&usg=AOvVaw2TbMGU9XGQGi7YOf9vsaXY;No;https://www.ilgiornaleditalia.it/news/mondo-imprese/680796/alleanza-assicurazioni-patto-crescita-sostenibile.html
Alleanza Assicurazioni;ALLEANZA ASSICURAZIONI PRESENTA LE PRIORITA’ STRATEGICHE;https://tuttointermediari.it/alleanza-assicurazioni-presenta-le-priorita-strategiche/&ved=2ahUKEwjVgquez9aLAxWm2QIHHRfLCEUQxfQBegQIBRAC&usg=AOvVaw2GOkUF1pmarnZq-DVHvVXi;No;https://finanza.lastampa.it/News/2025/02/06/alleanza-assicurazioni-passero-presenta-le-priorita-strategiche/MjAzXzIwMjUtMDItMDZfVExC
Unidea Assicurazioni;“La nostra mission è offrire il servizio migliore a famiglie e imprese…”;https://tusciaweb.eu/2024/12/la-nostra-mission-offrire-servizio-migliore-famiglie-imprese/&ved=2ahUKEwiM5Kahz9aLAxWr0AIHHakHCMkQxfQBegQICRAC&usg=AOvVaw2qU8oySMBkCMWY5HloigFO;No;https://www.tusciaweb.eu/2024/12/la-nostra-mission-offrire-servizio-migliore-famiglie-imprese/#google_vignette
Unidea Assicurazioni;Sboccia Unidea Assicurazioni - La Voce di Rovigo;https://polesine24.it/cronaca/2024/12/14/news/sboccia-unidea-assicurazioni-305591/&ved=2ahUKEwiM5Kahz9aLAxWr0AIHHakHCMkQxfQBegQIAhAC&usg=AOvVaw37emEWMenxQiciXP_zu_tU;No;https://www.polesine24.it/cronaca/2024/12/14/news/sboccia-unidea-assicurazioni-305591/?id=0
Unidea Assicurazioni;Modica. Occupiamoci di…ripartono le Assemblee ed è boom di partecipanti;https://radiortm.it/2024/12/05/modica-occupiamoci-diripartono-le-assemblee-ed-e-boom-di-partecipanti/&ved=2ahUKEwiM5Kahz9aLAxWr0AIHHakHCMkQxfQBegQIABAC&usg=AOvVaw1llUKuMHsvKW0sNX1GAVtS;No;NO
Unidea Assicurazioni;Unidea Assicurazioni, un Open day per chi cerca una carriera di successo;https://aostasera.it/notizie/pubbliredazionali/unidea-assicurazioni-un-open-day-per-chi-cerca-una-carriera-di-successo/&ved=2ahUKEwiM5Kahz9aLAxWr0AIHHakHCMkQxfQBegQIAxAC&usg=AOvVaw3Fsx3KDR3PCkCHDnt84JYo;No;https://aostasera.it/notizie/pubbliredazionali/unidea-assicurazioni-un-open-day-per-chi-cerca-una-carriera-di-successo/
Unidea Assicurazioni;Taglio del nastro a Unidea Assicurazioni. Punto di convergenza di venti compagnie;https://lanazione.it/lucca/cronaca/taglio-del-nastro-a-unidea-assicurazioni-punto-di-convergenza-di-venti-compagnie-68a0741b&ved=2ahUKEwiM5Kahz9aLAxWr0AIHHakHCMkQxfQBegQIBxAC&usg=AOvVaw3OSWXALrZxMGXSgV634tbc;No;https://www.lanazione.it/lucca/cronaca/taglio-del-nastro-a-unidea-assicurazioni-punto-di-convergenza-di-venti-compagnie-68a0741b
Unidea Assicurazioni;Con Unidea Assicurazioni e Broker servizi e prodotti su misura per il cliente;https://aostasera.it/notizie/pubbliredazionali/con-unidea-assicurazioni-e-broker-servizi-e-prodotti-su-misura-per-il-cliente/&ved=2ahUKEwiM5Kahz9aLAxWr0AIHHakHCMkQxfQBegQIBBAC&usg=AOvVaw0G603QDGsIZIioMipoQrGE;No;https://aostasera.it/notizie/pubbliredazionali/con-unidea-assicurazioni-e-broker-servizi-e-prodotti-su-misura-per-il-cliente/
Vita Nuova;Vita Nuova Assicurazioni lancia nuova polizza innovativa;https://alleanza.it/news/vita-nuova-polizza-2024;Yes;no
Vita Nuova;Vita Nuova espande la rete di agenzie in Italia;https://alleanza.it/news/vita-nuova-espansione-2024;Yes;no
Vita Nuova;Risultati positivi per Vita Nuova Assicurazioni nel 2024;https://alleanza.it/news/vita-nuova-risultati-2024;Yes;no
Vita Nuova;Vitanuova Acquisisce Axieme, Nasce il Principale Broker ...;;NEW;https://www.pltv.it/news-assicurazioni/vitanuova-acquisisce-axieme-nasce-il-principale-broker-assicurativo-phygital-italiano
Vita Nuova;\;;NEW;https://www.pltv.it/news-assicurazioni/vita-nuova-un-ottimo-2022-il-29-del-capitale-e-detenuto-dalla-rete
